method,review_preview,actual_stars,predicted_stars,explanation,valid_json,raw_output
1,Absolutely amazing! The pasta was perfect and the ...,5,5,"The reviewer uses superlatives like 'absolutely amazing,' 'perfect,' and 'impeccable,' indicating complete satisfaction and a strong recommendation.",True,"{""predicted_stars"": 5, ""explanation"": ""The reviewer uses superlatives like 'absolutely amazing,' 'perfect,' and 'impeccable,' indicating complete satisfaction and a strong recommendation.""}"
2,Absolutely amazing! The pasta was perfect and the ...,5,5,"The review uses extremely positive language ('absolutely amazing', 'perfect', 'impeccable') with no complaints or criticisms, indicating complete satisfaction typical of a 5-star rating.",True,"{""predicted_stars"": 5, ""explanation"": ""The review uses extremely positive language ('absolutely amazing', 'perfect', 'impeccable') with no complaints or criticisms, indicating complete satisfaction typical of a 5-star rating.""}"
3,Absolutely amazing! The pasta was perfect and the ...,5,5,Perfect scores for both food and service with enthusiastic recommendation equals 5 stars.,True,"{""predicted_stars"": 5, ""reasoning"": ""1. OVERALL SENTIMENT: The review is overwhelmingly positive with enthusiastic language like 'Absolutely amazing!' 2. SPECIFIC POSITIVES: Pasta quality described as 'perfect' and service as 'impeccable' - both are the highest possible praise. 3. SPECIFIC NEGATIVES: No complaints or issues mentioned whatsoever. 4. SEVERITY ASSESSMENT: The praise is extremely strong with superlatives ('perfect', 'impeccable') and ends with a clear recommendation. 5. RATING CRITERIA: This perfectly matches 5-star criteria - exceptional experience with no significant complaints and a strong recommendation."", ""explanation"": ""Perfect scores for both food and service with enthusiastic recommendation equals 5 stars.""}"
1,Terrible experience. Found a hair in my soup and t...,1,1,"The reviewer highlights serious hygiene issues (hair in food) and poor management response, both strong indicators of a 1-star experience.",True,"{""predicted_stars"": 1, ""explanation"": ""The reviewer highlights serious hygiene issues (hair in food) and poor management response, both strong indicators of a 1-star experience.""}"
2,Terrible experience. Found a hair in my soup and t...,1,1,"This review expresses strong negative sentiment with two major complaints - finding hair in food (serious hygiene issue) and rude manager response, plus an absolute statement about never returning, indicating a complete failure of the dining experience.",True,"{""predicted_stars"": 1, ""explanation"": ""This review expresses strong negative sentiment with two major complaints - finding hair in food (serious hygiene issue) and rude manager response, plus an absolute statement about never returning, indicating a complete failure of the dining experience.""}"
3,Terrible experience. Found a hair in my soup and t...,1,1,"The review expresses strong dissatisfaction with both food hygiene (hair in soup) and service (rude manager), ending with a definitive 'Never returning' statement typical of a 1-star experience.",True,"{""predicted_stars"": 1, ""explanation"": ""The review expresses strong dissatisfaction with both food hygiene (hair in soup) and service (rude manager), ending with a definitive 'Never returning' statement typical of a 1-star experience.""}"
1,It was okay. The burger was good but the fries wer...,3,3,"The review indicates a neutral experience with both positive and negative elements. The burger being 'good' is offset by cold fries and average service, suggesting a middle-of-the-road 3-star rating.",True,"{""predicted_stars"": 3, ""explanation"": ""The review indicates a neutral experience with both positive and negative elements. The burger being 'good' is offset by cold fries and average service, suggesting a middle-of-the-road 3-star rating.""}"
2,It was okay. The burger was good but the fries wer...,3,3,"The reviewer's language is neutral throughout - 'okay', 'good', 'cold', 'average'. They acknowledge both positive (good burger) and negative (cold fries, average service) aspects without strong emotion either way, indicating a middle-of-the-road experience typical of 3-star reviews.",True,"{""predicted_stars"": 3, ""explanation"": ""The reviewer's language is neutral throughout - 'okay', 'good', 'cold', 'average'. They acknowledge both positive (good burger) and negative (cold fries, average service) aspects without strong emotion either way, indicating a middle-of-the-road experience typical of 3-star reviews.""}"
3,It was okay. The burger was good but the fries wer...,3,3,"Classic 3-star review - neither impressed nor disappointed, just an average experience with minor issues.",True,"{""predicted_stars"": 3, ""reasoning"": ""1. OVERALL SENTIMENT: Mixed/neutral - 'It was okay' sets a middle-ground tone. 2. SPECIFIC POSITIVES: Burger was good. 3. SPECIFIC NEGATIVES: Fries were cold, service was average (not praised). 4. SEVERITY ASSESSMENT: Complaints are mild - cold fries are annoying but not disastrous, average service is neither good nor bad. 5. RATING CRITERIA: This fits the 3-star definition perfectly - an average experience with no strong positive or negative feelings, just 'okay'."", ""explanation"": ""Classic 3-star review - neither impressed nor disappointed, just an average experience with minor issues.""}"
1,"Great food, but the wait was a bit long. Otherwise...",4,4,"The reviewer praises the food as 'great' and calls the overall experience 'solid,' indicating strong satisfaction. The only negative is a 'bit long' wait, which is a minor complaint. This level of mostly positive sentiment with one small drawback aligns with a 4-star rating.",True,"{""predicted_stars"": 4, ""explanation"": ""The reviewer praises the food as 'great' and calls the overall experience 'solid,' indicating strong satisfaction. The only negative is a 'bit long' wait, which is a minor complaint. This level of mostly positive sentiment with one small drawback aligns with a 4-star rating.""}"
2,"Great food, but the wait was a bit long. Otherwise...",4,4,"The review is predominantly positive with 'Great food' and 'solid experience' indicating satisfaction, while only mildly criticizing the wait time. This aligns with typical 4-star reviews that have minor complaints but overall strong approval.",True,"{""predicted_stars"": 4, ""explanation"": ""The review is predominantly positive with 'Great food' and 'solid experience' indicating satisfaction, while only mildly criticizing the wait time. This aligns with typical 4-star reviews that have minor complaints but overall strong approval.""}"
3,"Great food, but the wait was a bit long. Otherwise...",4,4,Positive review with great food and only a minor wait time complaint warrants 4 stars,True,"{""predicted_stars"": 4, ""reasoning"": ""1. OVERALL SENTIMENT: Positive with one minor complaint\n2. SPECIFIC POSITIVES: 'Great food', 'solid experience'\n3. SPECIFIC NEGATIVES: 'wait was a bit long'\n4. SEVERITY ASSESSMENT: The praise is strong ('great food') while the complaint is mild ('a bit long'). The phrase 'otherwise a solid experience' reinforces the overall positive tone\n5. RATING CRITERIA: This fits 4-star criteria - positive overall experience with a minor issue that doesn't significantly detract from the enjoyment"", ""explanation"": ""Positive review with great food and only a minor wait time complaint warrants 4 stars""}"
1,Not great. Food was bland and the place looked dir...,2,2,"The reviewer highlights multiple negatives—bland food and a dirty environment—while only noting one mild positive about the server. These strong criticisms outweigh the single compliment, indicating a poor overall experience just short of the worst rating.",True,"{""predicted_stars"": 2, ""explanation"": ""The reviewer highlights multiple negatives—bland food and a dirty environment—while only noting one mild positive about the server. These strong criticisms outweigh the single compliment, indicating a poor overall experience just short of the worst rating.""}"
2,Not great. Food was bland and the place looked dir...,2,2,"The review is predominantly negative with key complaints about bland food and dirty environment, but the positive mention of a nice server prevents it from being a 1-star review. The brevity and lack of specific details suggest a mediocre experience rather than disastrous.",True,"{""predicted_stars"": 2, ""explanation"": ""The review is predominantly negative with key complaints about bland food and dirty environment, but the positive mention of a nice server prevents it from being a 1-star review. The brevity and lack of specific details suggest a mediocre experience rather than disastrous.""}"
3,Not great. Food was bland and the place looked dir...,2,2,"Predominantly negative with major complaints about food quality and cleanliness, only one minor positive (nice server)",True,"{""predicted_stars"": 2, ""explanation"": ""Predominantly negative with major complaints about food quality and cleanliness, only one minor positive (nice server)""}"
